user_session,session_duration_minutes
00006bc8-78c7-4100-ba97-37352c9af491,99
00008ebc-a8c1-48c2-beb9-aa4448e93639,7
0000b0f0-9fb0-41a3-bdfa-3fa1d28b2e7c,0
0000cf90-3ea4-4526-aca3-a48a739b66f1,0
0000d82e-3614-4362-a1d3-2a56a895fdc6,1
00010669-878a-4f17-82b6-844d74d94d47,0
000134f0-e75f-44da-85cc-b2ee14a0ce76,0
00014981-98a1-41c7-b284-2aec59c744ea,51
00018cce-66fd-415c-94ec-065c50b5cac9,0
0001dfff-0bb9-45cc-9753-bc69bb5d166f,0
000201a5-a363-4fd2-9228-ab8148c528c1,0
00020305-cbad-48d4-8ead-d9bd2fae9678,0
00021579-e80a-4553-923a-9acb510718d6,57
0002503e-1e78-401f-9da2-1ea2896f09dc,1
0002ee8b-1f40-4fc5-a325-2515b085dd81,0
00031db9-7363-414c-812c-4a3683aa0b1c,9
0003e038-48fe-46f0-8343-fc4d721b109b,0
0003eaa1-064e-4fcf-90c1-f4357bdb5617,4
0003ef27-6d3b-4a6b-a8f8-d75285305ff4,0
0004211f-7ac9-4983-9a95-72217ad313bc,0
000424bf-1eaf-4ad5-a9bd-ec75250826a9,0
00044d29-dbf7-4843-897b-91efc78c6740,18
000466b8-6ab9-483c-aa46-a0fb96c36f36,0
0004eca5-f6b3-4391-96f9-f6a694463dea,3
000511e1-f4e8-4241-b392-6e2b950c4710,3
000555ad-5d70-43d4-8880-416914517184,0
0005737c-7e42-42db-9903-712a9637b4bd,0
00057776-b7a8-4390-96ac-1ade201f1e26,0
00058df9-1280-4873-be87-6fc5cb8eef55,0
0005aaaf-9d22-466e-88c8-63c2a3ad04af,2
0005c22e-d564-4bab-8292-b49fb81ab620,3
0005f8b5-83af-44f5-9b20-38bd2e1ce42f,0
00061066-2300-4c8a-a168-197403ec6f3d,0
00061541-21d1-4bc2-af23-b9454f5fc430,7
00064787-54d2-44c0-9114-6ce5648d8bb1,0
000672d6-075b-4aa0-a849-92a3059df831,0
00067a8d-759d-41cf-9e24-f6ddc0c51cdd,0
00069c6d-84f4-4262-9df6-6b7fa1750b90,3
0006b02e-9f32-4fc6-a18d-d0ca91c4a762,0
000704bd-6e30-48d4-bc08-e5d4cfe45ffa,0
00078cbe-39f3-42e6-9c81-466d3e7db500,1
0007ac70-d5c7-4155-8a41-7a4ec3ad5ae8,8
0007e089-6851-4924-9912-7c5655c97a17,16
00088e2e-4611-46fa-a7ce-bd1e6f05c99b,3
0008f678-9531-4d1e-a22a-4b39d1b7e79c,0
0008fc83-51af-49aa-9695-f91ceb817e02,0
00092ee4-0243-4bda-8ffd-5b905a086c7f,2
0009787c-4942-4857-a440-8c9b14fd9c0a,11
000a14c4-0caa-4e14-bf7a-d1b97be07df1,4
000a8afd-7e76-471c-b651-95652e296eb4,13
000ad118-652b-48dd-a3fe-54103c16c17d,4
000af23c-7e34-4134-b8f1-dce83d875e01,0
000b1f90-4771-403b-8434-80c2ebb78403,1
000b264f-cfc2-42a5-bcff-43f7d1446385,2
000b715f-62ee-403c-933d-173ea11c6a0f,7
000b8f8e-ef81-45b1-87f3-e13158cbdd0f,1
000bc3bf-5309-4c83-a95c-5622500eb0ce,0
000bcb21-a188-4024-930c-0e2193ca22c3,1
000c1820-ded0-415c-9c23-40ef3c57755c,1
000c3664-7936-46ac-9841-829d5e008d12,2
000c8598-3df6-4c27-bf14-f692f0ef4659,0
000c87e6-ddf5-4f9e-bfc7-398bbe2d0524,0
000d0a82-ccb7-4dbd-9f60-e248b233e825,0
000d3153-6d13-49dd-b365-0ae2291f7fb8,1
000d9ff1-ec7e-407a-aba4-2e78b1123a6a,1
000daed3-8507-4f35-8bb8-76e312b3609b,1
000db270-babc-45b1-9a29-aad4c26b11a7,0
000e09c2-2b7d-4d55-8c77-c7ac4560e88f,6
000e4ab5-d04c-4304-9a38-1edb00c06f8e,0
000e527c-842d-4724-b5d7-856c4ea20293,3
000e56f6-1aa1-4f9a-80d3-6af831d15861,12
000e8b4d-af35-4d45-b338-5a3e880af4b4,0
000ebca1-44bd-4930-9626-b8fbf087ba07,0
000ed366-740e-4feb-b734-862d66f65e92,153
000efbec-6df4-4a07-8c45-1278ebad059b,4
000f1a95-b5b4-4da8-9f30-5851cad489fb,2
000f2812-aba8-4c9a-9dba-0cbc034bf56e,0
000f5cd1-d069-45c1-9439-9bb69d9c8c02,0
000f8c1b-f8d7-4a79-9998-b5266aeab80a,0
000f8cec-fcea-4ec5-ab31-0af877f84391,0
000f9ef6-a0d4-4106-87c1-c16debc61758,0
000f9f91-0915-4bdc-bc8b-1696678a9204,0
000faa12-6565-49e8-a56f-bd0bedab29bf,0
000fb90b-c5cb-47bf-92ac-b377e952786b,0
000fded5-b227-4d71-928c-5561644e4bfe,0
000fee39-b0f0-4b50-b747-1a33dc6404fa,0
001058c2-fb4e-4945-86e8-d09b31871725,0
00108097-b872-4fcb-bc88-990fe2a33917,15
0011c5f1-ef6d-42d2-a761-2084cdb6db81,0
0011e775-7199-4855-a294-1101aab87901,1
0011f046-6d1c-4a0d-81ea-0e3f559e4745,4
0012076e-0862-4293-b8ba-34fdc693c47c,0
00131968-a7e1-4a34-9d50-a1fc56994f51,0
00137d8f-7ba8-466f-9825-2b899760ec5a,8
0013af22-dd96-41d6-8cc7-3d85c59f0f12,0
0013b329-91b1-47a1-988e-e056fc011379,0
0013ec3d-accc-48be-b0fd-acf48ba0e8ca,6
00143cac-2ebc-4314-addd-42740dd4d16b,2
00144f68-7c1d-443b-9de8-861dafa7c9fc,3
00145156-0e5d-49f3-b460-5d6e52e50bf1,0
001454a6-6e9e-4ba8-bfd0-16a605532b1d,0
0014c410-389c-449f-a8a2-f34e3dd40538,0
0014e5e3-16f0-49b3-8fbe-4b069ebd400f,56
00150bbd-13e6-4afa-a525-364490c0bb63,0
00154239-0c89-4494-985b-04e8043e8062,0
001587ab-b257-4d37-836c-abcc2616e2e9,9
0015c455-a03b-4608-be38-73c8fd7b7bf6,0
0015d737-bc87-4c1e-90c1-19b49ea01e85,0
0015e2a2-b56b-4ef7-a764-87bd8e751fb1,8
00168770-905d-4833-a68c-fdda54e2d166,2
0016dbe4-90a5-4a57-9a0c-434bfcf66a09,1
0016f9b9-0771-4817-a82f-9544e73efd6e,0
001711d3-e374-4167-91ed-7b2beb0f3b04,0
0017bc03-ca12-4781-8d11-337e19c62a3c,1
0017f7c1-17b9-4676-bebc-a00a68fbd90d,0
00183249-dc55-4f3c-bf61-b913d5a912fc,3
00187aef-9c3a-4de5-ad77-8bde16233489,0
00187e9e-6a21-411f-a871-43ff3e28ad1a,0
00198972-8b93-4f67-a8c2-fea10957d791,18
0019adfe-409a-4d59-bec2-63f9516d477e,8
001a92de-f8cf-47b6-9745-a21544ccc894,1
001a993c-869b-4e89-a14e-9cd879429bd1,0
001ae4ed-c86a-4ff5-a809-86051a4f15b3,0
001ae506-d910-427a-93f3-263faae58e96,0
001b6254-0c74-47d0-9b58-606515c6f9b9,1
001b92d3-5c06-4865-9aca-42567bf2b764,0
001c15a3-cefa-40ad-b786-c319aa464123,6
001ce2ea-77d4-452f-aa19-fb88915ac8d4,0
001ce4e4-17d2-469c-b10c-984e0d369128,6
001cef69-1fbd-4e17-941f-2684530e3ccc,0
001d1975-c8a0-42e7-8dd0-28a292b61b12,0
001d2675-b89b-4309-ac93-97b8b2f4e430,15
001d5d58-3e32-43db-9374-ad9de090bfa5,0
001d9118-8e8d-45ab-88be-7b397210d9aa,0
001db8bd-7662-4642-87fa-19a496dfd8ed,1
001e027c-1f09-492f-916f-47ab0af67767,2
001ed1c2-4a68-4f8c-8865-d0fa4635f2cb,0
001eeb3d-c99e-44f2-92cb-b07bc3f3964b,6
001f5925-7021-42ca-82c0-91533336de80,0
001fed8a-a7fd-4344-b750-71d910148eb9,1
002060ed-f364-49e6-bf21-4f33205b9f11,2
00208172-1bdc-406e-8ffd-ca6962c8c2a5,6
00208b13-9f4e-4de5-b45a-32f036f69d1c,1
00208f4e-5cd1-42ed-882c-ceeec1a38a04,0
0020f8e6-ef77-4e6d-8877-41ad45dc5cdd,7
0020fe72-9e69-4911-87c4-ece4a7213d71,0
002167b4-0db7-43d3-b4bd-8cb5db44d08e,0
0021a9d7-aaec-441e-8861-0457181c0a6b,0
0021ad62-00bb-4ef1-8191-037a2eed7003,9
0021c7f4-4803-4fee-9cc4-7301f931f928,0
0021faca-373a-457f-b61b-9b4ca2aebb0a,0
002239fb-caff-4734-9bcd-e175446deffc,1
00223c38-ed9c-4a8d-8887-930d0ac586e4,2
0022710a-754e-4baf-ad18-82341d74d581,0
0022e98b-52cb-4bcf-8cfa-619bf916087b,0
0023203d-7d69-4a26-950a-f22755e21a41,23
0023616d-d730-4ad6-9929-b71ad0ac04ad,3
0023629c-a16c-4488-8e92-2f61733cb810,0
00236af9-be31-43d8-a60d-c6214e314b56,0
0023c8d4-36c6-4d16-a54d-582212ae4179,0
0023fd63-9f65-438a-984b-db19b2eb0327,0
00246fdc-e53b-46a9-8bba-7d9191d63c25,0
002486f9-dadd-4da5-b163-95a334eb78ce,0
0024cd82-91e2-4caf-b559-299f03ddbe40,0
0025493f-1ccb-42bb-879d-9a1fabfc3f6d,0
00258f9d-0ceb-4930-97cb-e88c410fc903,0
0025a384-a53e-4dbf-a767-b5ed14c69622,1
0025b946-a000-4786-9340-992f930c5a01,0
0025c102-41fb-48a2-861a-9607595df34e,0
0025da53-abf9-4f71-beb8-80b7e1a8222b,0
00264d31-32e9-4c4e-9d1f-6961523d24fd,65
00273117-b562-44f4-97af-2359ecd6a013,4
00273246-b225-49a5-9a8e-6c45eeaa87c6,6
00274f82-8337-4282-b03a-777376efc3b5,0
00276635-e1e4-415a-9608-65875b45b9e4,0
00278cc5-5cb1-4a42-baac-d2d005b2ca8a,14
00279206-7e46-415f-b22a-cfc2a2b203d6,18
002850c0-fa05-438b-8f53-74788dbfce95,1
0028dcf9-045d-43ad-ab72-a0cdba286a76,0
0028e8bc-7037-4592-ac3a-7132c1670a50,0
0029233d-756f-49f7-90fe-107c747b3acd,0
002a0799-86ea-405c-bedb-526576f1ff70,3
002a20b3-6aaf-4633-b035-632da2214113,0
002a220b-d6b2-4b4e-a377-f7ba91b0163c,0
002a35ed-7253-76b3-c5c1-1858cdc2f978,2
002a5987-185f-4d6a-b401-da409c231f49,18
002ac5be-f071-4ddc-8888-1888c3a47389,0
002b0bb8-babf-499e-8656-9400de9bf8e5,5
002b4126-0158-4bae-a97c-44858da1cfc9,0
002b4602-6ef3-4949-9176-b05b98a614b5,0
002b5aac-eb21-470e-8ee9-47ef991a0e20,3
002b83a7-ada3-2feb-92fa-bcdc1c780296,0
002bc630-adbf-42ca-aee0-0889b5d1f07f,0
002bc872-5459-4a12-85b9-3b096d7e0436,8
002c4cc3-1c0b-454a-871e-11200cd835e4,0
002cc294-3032-4dc2-8178-4bf026bb812e,0
002d6d42-caa9-4e32-b098-612ad28316fb,0
002da554-ddd9-4641-bd76-97c92af63d19,1
002dd196-3177-4fee-bb5c-eeb8ca08fcf3,0
002e068f-e6e3-4db6-b612-857e0c460193,4
002e5ec6-3e60-435e-b143-d752ac538410,0
002f558b-eb16-4563-a7c8-1bb531ae741c,0
002f5d29-cc7b-4851-a08f-9cd4fb5cf927,0
002fa588-45fe-425e-87b3-7d638f06e29e,0
002faeae-571f-42fd-ad35-71bcf6b0afdb,5
00300316-28f7-46ca-a091-fe066ab97e63,0
00302b61-6fbf-4654-a515-452cebdafc87,1
00306624-b3d8-4955-abc7-060ca38b2abe,0
003071b6-4d69-45e1-a67b-344775074790,3
00308f09-7711-4d67-8ea7-4f496399a72d,2
0030aff3-79a1-47c2-b606-c6a6baa3f7c1,0
00313cea-7275-49c8-a3fe-f887db0a8891,0
003209b6-dc72-4f64-ac74-88ff4d7822f9,0
00325897-0974-4754-99c2-9c91355fa057,0
00329b1c-9687-4631-988f-c41ce2c65920,2
0033b801-a187-4d39-ac69-8828e15a21da,2
0033fbcd-6b9b-46c4-8c56-4e388dafdd32,0
003445c5-2e25-44b3-b2e0-bdc53ca9dd38,0
00345c47-a9d4-4041-a62f-cc8b2833cd2d,0
00346c10-8b9a-4584-bb17-a885ce4a1bea,0
0034d95a-2976-456b-8c91-e6f1a141e43c,2
00350bc6-ca20-460b-ae21-3736abe24176,0
00350df0-67f8-4242-b307-691c7501ebab,0
00356bac-b811-46ea-b960-6c100ea1bd2b,5
00357cfa-08e6-43bd-b304-46ffc01ca55c,0
003580c4-e27b-4210-8a61-7e60b646308b,0
0035a1b0-0b88-45cc-b58c-fbc1d1457b40,2
0035d040-5490-4017-84bb-1b4c9870a6ef,0
0035daae-8b88-44e7-aa24-c8ee873c1fd6,0
0035ecbc-a4cc-4ecc-a691-30ff3afce072,0
00361fe4-0a27-458c-ad2c-3a6e98a99da4,1
0036430f-36d9-4d73-80e8-1c6e9097c29f,2
003671d9-591e-4eeb-9156-ca213ec793fe,0
0036a270-5f74-4689-81f9-230c3da82c20,3
0036c034-caa3-4d4b-adb5-6447c78fd0d2,33
00375a3f-1089-4377-8766-c4cac8ceea6a,2
00392acc-1a26-4d3b-9588-4052c456b05e,0
00395090-760e-4520-b604-27f4f35359ff,1
003978a3-fb21-48eb-81f8-f31d01ebadc1,28
00398678-d198-452b-871f-15082210f7e4,1
003a41a2-a746-4531-a4ff-f9cd7ce7036d,2
003b0343-5701-4ba2-bd51-e80274d3ad10,0
003b0e15-f373-41f3-8621-67bffdf0a21a,0
003b1e78-5fdb-4453-8280-0f2f8e0b5169,0
003b25f7-1333-46de-8290-f7df155471d1,0
003b8093-cc35-488f-a795-c7be2d8d3ab3,24
003b95ff-4d44-4e3f-b0ed-f6feefcedb37,2
003bc7b3-7521-456f-9e0e-60a48a6a5294,408
003bf0ca-814b-45c4-82c3-1935ee4af3fd,1
003c535c-99d7-46a7-a48d-d15847dd24e3,112
003c5c94-7eeb-4a43-b29e-d8234b604f29,1
003c7699-0553-4ee7-8e80-057b0dab3e2a,5
003c76a3-2c59-4c18-a809-0301d2e65a0a,1
003ce602-e433-4e17-b159-0c12ca4113f7,0
003d3b46-fe19-44a1-b1d9-0430263bdaa2,0
003da6f6-96ea-4ce0-beed-0c824b1b6a29,0
003dbbfb-9a71-4119-9236-a386f1cb9aca,10
003e2aea-5b42-409b-b3bf-03c689a5b0e6,0
003f33a5-e5b9-4ba1-b460-f84d901ae48a,0
003f36b9-f387-4c16-9c6d-9117bc58ccad,3
003f56d8-f707-403e-834d-2a77322b3607,0
003fbb1d-e4cf-48b1-bc66-23b138b20567,1
003fc050-173d-47b6-90b5-4c474cf365ce,0
003fca61-91a2-4ef8-b66a-8e380eadf87c,0
00404924-26da-492e-938d-9315adc21567,5
00405ac2-46fc-4884-8a2d-5d424bf6198e,8
004095bc-8680-46a4-90d4-1d7866c268d3,1
0040d648-9b30-4a19-a918-bbe1597e79b1,14
0041082d-3493-490b-a2d8-6f087005ff3d,3
00411d0e-aed4-4de9-a991-27b25fb1bd7c,0
004157aa-10de-467e-931d-3bdadadf33b6,0
00417949-ba27-40e8-95b7-9f221c1b06cd,1
0041b48c-396f-4afe-91e5-66d575d8ca23,0
0041e4b8-f4df-42ef-adf9-7e84bbd5e927,0
0041f848-b77f-49b4-b0d9-fadaee9e576a,0
004235f5-e220-44bf-92b1-0bc65c6e20cd,0
00424536-ed60-4f71-8251-9ed9398d9b11,3
004246a9-07cd-42bb-b428-16bf2b4f75e1,0
0042489e-7192-475a-b8bd-30c32699100b,1
0042752b-0f12-4a8b-b573-f6e9b31c3d5b,8
004292d5-f9ab-476a-b89d-578da4e9ff02,0
00430df3-8491-493c-a8a5-96c17805ff0c,1
004312a9-9a70-435c-b630-a45908c5a6dc,1
004387a2-6304-46cb-821f-1a9f63900c12,0
00438d4f-f830-4cc5-862f-1d794317ed58,3
0043efe5-923a-4a71-a35b-5c280ccd9ff1,2
0043f10f-cab9-4f8e-b7ca-0f43e936774a,4
004410c1-db17-4f95-b756-99948861bdce,0
00442cc6-96bc-4b6a-8191-55edf5d9b8b0,4
0044b612-f45b-4ca0-ab3f-0b6a8225e871,2
0044ba13-1442-44a2-9cea-b4e2dc8ea08b,1
0044d134-688e-4589-b965-c51375558ecc,0
00451316-3f38-4171-a20e-94e962c8c093,0
0045804e-b56e-4a16-99dc-6af2be538dc4,0
0045b54a-8527-4b97-89b1-0b8f6c34afb2,0
0045bd74-727d-4f55-ad02-22ca1d8a76f9,7
0046d28c-7f07-4095-946d-2394407ad66e,4
0047587c-0efa-4d33-a284-11793785894a,3
00477c60-3c9c-4ca2-b549-11131a15b897,0
0047ac19-9ef1-4617-9cce-a26c3fcc32f9,0
0047c461-6c41-49aa-8232-3455dcc8af1d,1
0047f65c-6b07-4fcf-a7fa-9d5a1e7af2f8,0
0048a0fe-06c0-41f8-b2af-72637c2d8e8d,30
0048c8e1-003b-4dfb-b859-15781a7671a0,3
0048df08-8558-4c47-914e-017a0f125057,3
0048fbbc-f8cd-467e-8f1a-45d1916a87bf,0
004924cf-4f63-4b78-921d-0de9c1a2c90d,0
00496f38-460b-4a86-97ac-04fd8a2ef189,0
0049cdda-9704-4f0d-a636-afc7e231c66f,1
0049d10e-dff2-4fca-9e2d-96a88f731006,0
0049daa7-789d-421a-82f1-7c5c705990f3,0
004aba95-d846-405f-a40a-fc553e3b1fcb,7
004ac1d2-dc91-44cc-af87-5eebb1c0f9ab,0
004b3453-46dc-4861-a382-b56679b62a56,0
004b62d2-4247-4b2b-b965-bcc6fa630c6c,1
004b63a3-463d-4916-89a0-fa566b3669fc,14
004b64f3-2c05-498f-affe-7fb1844bdade,1
004b9e31-d78a-4e10-85e2-b6e46242971d,0
004bff66-e735-4659-bbba-17db01b38b48,3
004c5190-7911-483c-9352-fdd9610f1acb,2
004c89fc-e6b6-469b-ae47-43da9481997c,0
004cdb1b-99a8-42ba-87ca-0608347f042c,9
004cfbaa-12b8-41c1-a2d4-8ce06b6ac350,5
004cfcad-a17d-4650-a061-512719105349,2
004d05ef-2dba-47a0-a0e2-c60b6e0ddfba,4
004d5a0a-c634-4a7b-a801-4181009abfb3,0
004da002-6f3c-420d-a32f-77f348055622,1
004daea2-0c76-4110-a88f-8d99acc84353,0
004dc5bf-2463-4b7d-a8df-71ee41bad301,2
004de42a-647b-4cb4-8a85-f15a5c6d63de,0
004e120b-3eb3-4872-9251-ea7eb40bdbdb,0
004e76df-a214-49f1-9c8d-f2aabf8a54cc,13
004e791d-10a9-48ee-bbbe-e11fe654f43f,6
004efb5a-157e-4e9f-8cf0-4be34bae59c5,9
004f2513-26d3-47c3-a06b-bc13d6094de3,19
004f3fc5-0e60-4944-bf4f-558c5bb9be0f,23
004f7669-241f-4596-9ecd-e9de8c637fde,0
004fa4a4-32c1-4810-8f24-107c8e776628,0
00506e9a-b712-49d3-8cf3-a9578ea1ef30,0
0050c722-1c49-4a9e-90ef-a4e2875fed0a,0
0050c759-fca6-459a-b0cd-d21eef661e66,7
0050ea23-7ba7-4123-bc24-39fc278dd53c,0
0050fd38-f756-4d11-97a1-85f6078cdf3d,0
00510d88-8925-436f-9112-8ebe6ae3a02c,0
00512d64-4dc8-473f-ae52-d4d01f5e0d66,3
00513d95-a849-48e3-8874-a5079493ce0c,0
0051b14d-b5d1-47b9-93ab-868a878a317f,0
0051f670-ff9c-4eee-ab69-1b104a941011,1
00520caf-5c29-4f76-9d5c-2a7458ebf040,0
00522b9d-bdb2-43ff-a67f-a06e65df166a,0
0052f4c2-3f8e-4743-849e-a9579d6b1c3e,17
005315d9-4d06-402a-9dd2-63753230ee7b,1
00536ab3-0d7c-41cf-9861-26bb202b4330,0
00536c3c-5a55-4719-8ec8-661178db21b6,0
00537bfa-7eac-4e8d-9af9-bb038794036a,1
00539fa0-f7e8-4889-919d-71b5b6d60a30,0
0053e38a-b8f7-4c00-9666-9f050b42633e,0
005431f9-6f03-41d4-bf4a-1b3e82bbb014,1
005479a7-418c-4eb4-b515-b56dcb7c3491,35
0054b0a8-43df-4807-8769-294fabac4c60,0
0054dc95-5ae9-4ebd-846f-b356cfad34c6,0
0054eae1-d26a-4510-8f2c-e13b60408afc,0
0054fe49-30ac-4e77-9c0f-7e89735b647b,0
00551981-659b-4214-b095-85fe7ed825ac,11
00554366-dde7-4b36-a7a1-bbb51409b60e,1
005575a8-2209-4c6e-a677-a05dacaa64d8,8
005578c7-5b47-455d-81ae-75dfa8795062,1
00561bf3-e2d5-4c1c-9f82-29cbd23a2eff,3
00567dc5-d768-42fa-9c5a-d8f257424b0e,2
0056831c-0a7a-4040-ba08-f7f1e1b95dcb,0
005697f2-db5c-43ee-b199-f38813e87d38,3
00573280-7040-486d-bdbc-7c84765e9490,0
0057393e-aba7-4f0b-a522-4e1c65d06f36,0
005752b6-46b4-4594-abc7-2045f7498640,2
00576dc2-e8d7-478a-bb1c-98aaedab4d82,17
0057946f-5544-4d06-8cd1-8d9887b79616,18
00579969-4340-403f-839d-fa626c0389ba,0
0058439f-8d2e-4847-a7a4-c559a4d99b61,0
00584c13-34e3-4cab-8f5e-21d783281234,3
0058c0d0-0e6e-4bf8-a6ea-c8dcfd9b7982,30
0059047e-f7e4-4221-81bf-8af47258fb81,4
005abdc6-ed87-43df-836c-82f50bee8bdf,0
005af518-308a-47f6-9a1d-ba91ef02fa39,0
005bd295-9c2f-4c62-a5ce-0dcb2392ea32,5
005bdfbd-c7a6-4e3c-a732-561a5ce914a8,2
005c1aec-e3b8-4693-b80a-990a585e15f3,0
005c3f9e-5ec4-4dcc-ad90-8388fa2a7581,0
005c93e0-a4d6-472a-9d70-74ed7a234976,0
005c9e01-4500-4959-aae2-f4955595aecd,0
005cba75-b107-46af-a35c-52029b841add,0
005dd9f4-2247-4790-be5e-1447546cdf70,0
005e15f7-e5d4-4e3b-b124-6245e9a28fe5,0
005e1b09-8383-4dd4-be95-c37b14b1550d,0
005e6491-9351-4029-8bd2-4053c538f684,0
005e7aa9-d78f-45ee-8e19-90974fd15f7e,0
005e878a-46ed-45b2-8ca6-d378fe0066b3,0
005eaa86-e234-4bd8-8831-31416a23793c,0
005ed228-04eb-4337-8ed5-d49a5fb8f454,0
005edb77-a8f7-4c64-8f24-451ee7570fa3,40
005ee6c4-c5da-4266-ac25-cf118b76331d,0
005ef13e-36b7-455e-8b4d-a5f081d89190,0
005f3d4d-99a1-40e1-81df-fcbd1e0b7d65,0
005f4422-ebf3-452e-bd7d-99bb480c56d4,4
005f7070-bfc4-491f-bf50-7a164e5c8689,0
005fc8e1-33a7-4a33-a278-9a7cd1910d40,5
005feeb2-9545-4218-be15-c6b3c4d8bf64,0
00606eab-3d65-4bf3-ad7d-e552639f90a9,22
00607c11-af41-428f-8bae-720d01624131,20
00608c50-ca77-4036-b6f1-15b5933e370f,0
00608ec6-8aff-4393-8f2f-3b1778b1545c,1
0060e8fe-8b57-4175-867b-6d2fa990867e,0
0060ff62-d927-45cd-863d-f1e8f2d36dd2,0
00611edd-06a4-4ebd-9473-c26477c9c882,0
00612ce6-2eb6-46f8-8ae1-46df3a14f0bd,1
006131d0-8000-407d-a138-e433fe2ce881,0
00614775-b8cb-4bbc-8be0-2ed19dbfd2f0,1
00618b2e-04c6-4c88-93bc-1d10e7e337ee,12
0061bc49-2eaf-4d7a-a8f4-f001418e7f6e,0
00622713-4f51-41f8-bfc9-b1a1a17a40c1,8
006262c1-d012-4b69-b7bb-af7e2ca6f890,0
00626ce9-2f5f-4ed9-a6bd-de91af7b039b,6
0062701d-f16a-4a78-9f10-ead55ffc03f5,0
00629b65-64a1-47b0-aea3-98fd1c1af0a3,0
0062a48b-6045-472f-8a58-ffe1e92a723a,2
0062f3d4-9105-4a03-8109-4355b96bf8ba,3
0062fe0f-377f-4a2b-a4ee-8907bf8484d5,0
00632268-8d0b-4917-b84c-93e0a467ad2f,0
0063e3dd-d9ba-4a6f-b89c-b939b6bd2446,0
0063e753-ea50-4a76-871e-9265704419fe,0
00640334-47a6-436d-98a9-8b56789da9f8,0
00640db5-4c55-458a-85a7-ccf115b182a1,0
00648cf7-fe56-4dd4-a9a7-270b03a56e68,3
00649df8-e1b0-4a07-ae9b-20c59707a454,1
0064e25a-4b11-4202-b180-fa7cd9b74596,2
0064f94f-9a85-4986-8c13-a260c06e6d42,0
00657a2b-5f18-4ec2-b374-3ef4ff31328c,78
00660fc7-057c-4fd3-853a-c24975f75555,0
0066a803-3300-45e6-8212-1c23eea62b6d,8
0066d311-b84f-4572-883c-5651de23f490,0
00679359-a46c-4ccd-acc4-26b810b14ab4,0
00679f93-6558-444b-9ab3-1a05a51baf93,0
0067ce41-4e33-4031-bab1-48d02fed6374,1
006828e9-6669-4b28-94d3-1a743aa8ac16,0
006893ae-2141-4d4e-8a82-041c91b96ee5,0
0069719d-1379-45c5-aba7-c56b08c8e115,3
0069d8dd-de32-4681-9192-4cba143a787e,0
006a2862-2454-4f84-86c0-9c20110033ec,8
006b7eb1-1e2a-467c-908d-ebf9425ddd5e,1
006ba974-f0c0-4b96-87f9-88d54a77726d,0
006bdac0-3063-4a2e-8fc9-458258dd7955,5
006c2e25-627d-01b8-701d-fb2d430de73c,0
006c4efa-fddd-486b-ae70-46fe45325d26,1
006c78ec-91c1-4e9e-be31-358842998b9d,20
006c911a-e0d4-4aef-a702-3b404290bb27,0
006d72b5-6f5c-4a36-87d8-4db3f001cc0a,0
006e1cc6-5058-43ca-a8cb-a88bfa59242e,0
006e575a-796c-4f47-8f61-f3d2f02a5421,7
006eabdf-c0c0-480c-930c-03878cbef299,23
006f3e2c-ab8c-4285-8ab6-f3ed34272e5a,26
006fcf3f-e9e3-4bf5-bdbf-89bbd7298d23,1
006fe59a-957b-494a-8d91-800dbec0b5d9,0
00700c78-b0cb-4d65-98d6-ead65bcf36b9,0
0070fc3c-7f11-45d9-be01-a61bff20e881,0
0070fe04-7cdc-41bf-b61a-e90bb6a63dd7,0
007162d3-17a0-41f8-b855-6fe0c890c68e,5
00717381-98ba-4f65-9bc6-96b6731b052a,3
0071f2da-b2f9-4f9d-b666-acd8c6d4f7b7,0
00727286-4f53-4af6-ab64-482908941e3b,14
007278af-afce-4cff-ace5-abbcfcc0d8f2,0
0072a219-4a4f-446d-978e-1f8d32894db1,1
00733671-5c02-4105-b54e-e7381914c572,13
00736c10-4145-469d-8e60-c7b9e1beaef3,0
00738885-82f8-761b-0e7a-b47331f0bbe8,3
0073c537-9712-4a2a-acfa-be4bd4bcc9fd,2
0073c970-66c6-4738-8422-a1ef02adb579,6
0073e958-e443-49c3-b047-2e6349441e90,48
007406d6-6048-47b3-80e1-228fb0dfba55,0
0074233a-7944-4821-a396-742109e7283a,9
00742c1a-7b57-4573-a64c-8d3347687336,0
007433a9-5cb6-4666-9b63-0261a3ff203a,0
00744f9b-e841-4078-95a9-08256cbc2c13,5
00746e0d-ef4f-40c5-9b26-8f38745e3948,11
007471e1-7156-48ac-bce7-3c866124f18e,10
00748e24-a336-4ff8-acb4-032000e82f73,0
0074c1d6-67ff-4ae6-977d-059f0d0399c4,2
0074dbab-e32b-45c4-bb68-b392671789c3,0
007506e4-fc52-4876-842f-b57cebf07b46,2
00752eae-bc5c-4fdf-8201-dc3e2d66d448,0
0075c720-1276-4f22-9952-5a500ba1c1ee,11
00760c33-8893-4647-824e-ead25503c6e5,1
00761593-6bd8-4851-8ef1-3046a8d1511a,0
00764f48-f75d-4db0-96b1-2beae6ae2407,0
0076761b-e99a-44cc-80d1-9ddc9cfb2838,0
00768b99-112a-481b-9b62-8de9a404a7b3,0
0076b06e-7bc9-4ff2-80f0-bb0b499dd3dc,0
0077403d-8c53-40a5-bf88-eadb9e69debe,0
007746e5-dede-4a3c-8e39-24d60ef333ce,6
007758ae-6aef-43ef-b105-7bd2a94309f9,0
00776969-e27a-4252-a03a-bd4d36c69213,0
0077c090-41d6-42d2-b69d-b4e22953c814,0
00781491-6d86-48fb-b03b-ac62202d62a2,2
00782979-b92a-47b5-b541-d75b2a47f45a,2
007852d2-e3aa-4d8a-9a37-5b854ebefc45,0
00789dd0-b8d7-48b9-aa6d-f93547ae01dd,0
0078c209-000d-4ede-9f34-72a6fda97242,0
0078cedc-a29a-465b-b537-3b0350313dc1,4
0078dded-4399-4222-8f97-11215411fbe7,0
0079697d-c6ba-4ae2-961e-cdd72889aded,6
0079a7c3-64a0-4678-8312-c877cdc3b647,1
0079c6f6-f969-4c4f-84ea-4de0b3f876d8,0
007a2d54-4991-44a9-8608-719aba69bb10,17
007a395d-2e8a-43d4-b4d5-e95a7306afd0,0
007a9350-8f05-451d-8271-039927363cc6,0
007a9f1a-d863-4a4d-8c22-7ab695913112,0
007af70a-729d-4a53-81a9-09c39fc62f08,0
007b3c63-079c-4ab3-b3c9-715bb2877c4b,0
007b861c-eae5-439b-a37f-f05a010608ed,5
007bf2d8-1107-4852-a140-2538e5c5fd85,0
007bfd15-2301-4b36-9338-beb93770c07a,3
007c7218-f031-4585-8d07-620a960adfd5,0
007c925b-dd47-4c96-bfd4-a110eafdd5a1,0
007cf669-9e53-45b8-a5dc-5062ffce7a4a,0
007d3ecf-3c05-4e68-87c1-32bac10178d1,17
007da847-6f4d-48c5-990f-8338c34650ae,2
007e0121-e3ed-4948-be44-c235f642106e,5
007e2453-c601-4382-af7e-47d6abd01d47,1
007e8cc2-642e-4c19-abba-81288b5565e3,35
007ee8bd-7a93-46e0-a36b-feea2818b1f8,0
007ef101-e5ad-4fa5-8f38-45c7068162db,0
007f80c6-1812-408e-9703-708b7c93361c,11
007f902d-c1de-4d1d-a507-28bdea997b3c,0
007f92ae-f7a5-4c11-912c-2f32d9bb6fad,1
007fb2b5-c0b4-4090-baf4-50221da7b7e0,2
007fddae-c155-4a2d-9f31-afeac499e87c,0
0080080b-ace7-41b2-9017-40d1f6e28d33,0
00801d16-2e0c-45ef-89cf-de232ec538c9,0
00806c6f-563c-4392-b448-9955245e2ca2,0
0080b63a-b84d-443f-bfa3-cb1c4d2d9283,0
0080e5ef-ac63-481d-b939-c9e7b53f673f,0
00812ee7-1f68-425b-a8a9-27979d9e0a43,8
0081efe5-c72a-4854-bf6d-2df0735001f4,57
008260f1-493d-4c44-949a-660795cb09c0,5
0082baee-320f-4d67-b870-9725ab54ab41,0
0082ff2f-7308-4d4e-ac6a-c65b601ff65e,0
00831a80-884a-4b42-9720-fe57ba0baf34,8
00833dc3-139a-4c92-8b49-326098e3e45e,0
00836793-d190-4ebd-afdc-081db1362291,1
00839006-c121-414f-885e-f93c9a537fc3,0
0084d034-7a57-4602-8999-60df21ad66b7,16
0084eb73-8c81-460e-b849-2aa109a3008c,13
008553bb-933a-444c-8477-1607493cb4a2,6
00856d49-e924-4438-a407-10ad2c657514,20
0086047f-2a48-41f7-bd1c-364376b51e70,8
00867649-89a1-4762-9b8e-32e1d685fd8a,0
008678ff-468f-41d6-8545-ad1e03139dd3,8
0086f755-e897-47c3-9054-61dc1e6de1b2,2
00871c6a-0cd6-4cc3-8243-44306e498652,0
00871dbe-7d3e-429c-93ce-41a02df70042,6
0087779a-f7c4-4987-b4a4-23add3466e73,3
00881832-7b67-4ae5-ab41-2e5d91d88213,5
0088b10f-8d3a-7215-2534-b3008ff3f496,61
0088b977-f53b-465f-967d-93c2f2970c10,2
008938b2-f215-49f7-b6d3-0e463b6d872d,0
008945a8-a2a3-45e5-9a97-f9e0ea240985,0
00897463-da32-4e6f-b6ac-54e7c4ba5ba2,31
0089c4ca-efde-4c66-b1c7-d7e58b266fb7,0
0089dcc3-7243-45a3-81a8-8011e1d72dfe,1
008a29e5-25aa-4274-8246-eedc03e12e0b,0
008a7933-40a8-4119-984d-75862d997d6e,0
008ba342-9a66-45e8-b317-900ea80dbf8e,2
008bb24d-fb52-4c08-84a6-4f4816af22dc,10
008c4c7c-35fb-42c1-af6c-b78d37d62f87,9
008c5ecd-f92e-4363-9f69-7e9ccd5d5338,16
008c6ddc-b49c-4e65-9b8e-a2e249b7d7be,6
008cce8e-2204-4637-a20f-ba0f90b1e9a8,1
008d4bc5-70ce-4333-8e80-f75e40fabb88,1
008d5a38-1aa1-45a6-ab49-718eba1a3d82,0
008d888a-b573-4958-bf05-ef3e29c2813d,0
008dee3a-929b-4e9a-84fd-45c553e2ef7f,16
008e4cc8-8b7f-4037-a903-0222b1a215ec,2
008e4f90-cebf-4b90-b91c-5dbf5c4033c3,0
008e6fdd-4ed9-4d7c-b0ae-1ce0d44e24ee,0
008e7223-6148-4fa1-b0e8-d791f6541702,0
008e7c39-f982-4ffc-837b-36ea6132c66f,3
008ea5ca-3ca4-4e51-afd9-4730e8ae3f13,9
008f47fe-34c4-480e-a7b0-4df38f605492,3
008ff2c9-5889-4ea8-b209-3fb823bcd70f,0
00900f2b-27ab-4727-b195-1f176a2167e4,2
00903fdb-373f-4573-ba1a-895c2e17b21e,13
0090881e-e10e-444e-b93b-54bdc8cc8ae4,3
00908911-c44c-4ca3-89bc-ccfb630fccfd,0
0090b1f4-3e2e-48cc-89c2-a3c2153ba171,0
00910708-10b0-4961-a3fa-552bf41036b9,0
00919853-4cda-4c93-b500-beb720d704e3,2
0091c2ae-1424-4753-8e3f-c35ab9f4e467,3
0091e9b5-45e2-4fb5-981f-d871ffd000e2,16
00921e81-4b68-4cff-ab04-5cb15f67d1e2,5
00922f19-bc88-4623-81bb-90bc187c4965,3
00928fc2-8b4d-4d05-b511-f240155e464d,0
0092a916-251c-4dce-8d69-6112d9909115,1
0092eb1c-35b0-4d61-8b20-be9a7560c784,0
00930267-854f-413e-a68b-9e6de3e7967e,0
0093263b-a0f5-44f2-bdfa-597208576db0,414
0093303a-6a28-4f9f-88af-c7f06f0558d5,0
00933b76-6e62-4f3d-85b8-4e6e3d7ccf16,1
00935e15-36dd-41d7-b137-a149d303ec2c,0
0093b336-06f4-4d8e-83c9-6803b5c96536,0
0093e46a-257f-4887-9c1d-07cbe57740ef,0
0093f1f7-3e1d-49b7-8784-7fbc8eb9f173,3
00943910-433a-4441-bb92-2a92927f11e0,44
00943c93-3c6d-495c-8b3a-883eb8b257b9,0
00948253-2df1-4e90-9df3-b21f33fda421,2
00952eb3-ed9f-4546-b436-78c72d60dfdf,2
0095795e-a8dc-4c55-8ed7-ff36f5ce4768,0
0095b9fd-2e36-40d8-83ab-901fd44e22c3,6
009670a9-c593-41a2-8b79-e89e36e49fab,1
0096d8d3-c2f4-4dc0-a0e0-d9f1d5dfa176,1
0096dd0d-ad2c-4d7a-bfda-e795051fff8d,5
0097687c-ec32-4093-9a5d-9835e541106c,2
0097b74e-35cb-44af-bd18-27250cc0b6b7,0
0097d1e9-622a-4285-8bc8-551173a0cc6e,0
0098466c-b49b-4548-ba2b-c495b098d7bf,0
009858a6-f4e8-4d19-b22b-5502776a9404,0
00986118-93fc-4160-a280-8df3f514b714,0
00987a14-4b83-4640-b449-b147585e1d3f,0
00988cdc-6544-4caa-aaac-01681c9ee043,15
0098947d-40c6-4058-a100-f92b6381087b,2
00990036-f0c8-4c12-a45f-210705c3e502,1
00999242-3d4c-4c83-96c1-e36029e2644b,0
00999490-b3b3-4bea-9b39-455d8a3a1c78,0
0099d475-0738-4fa7-befa-540ced85c256,0
0099f44e-9d2d-4fa7-9edd-3ab22f604e13,0
009a2e58-889c-42d9-a0d8-d3f07e9a45fe,69
009a6640-0d1c-4a8a-8f30-527df1aae793,1
009a76be-89c7-45ce-a25a-8aa5110a99f5,0
009b73c7-e001-4de1-ba58-b0f32a7fbbe3,0
009c1e39-2c18-4102-9464-cd5398e31cc4,0
009cad3f-7cbf-4255-a6d5-e7ec85565281,0
009cccfa-dee9-4336-bd4f-ca3f9aadb222,0
009cd2f6-f8df-4006-9850-a28aeed69c0b,14
009d0722-89f3-4776-a4b7-bc0b75764131,0
009d14fc-770b-4af5-96f7-32f6b4e6be56,0
009dcdae-7e10-442f-9109-3348dcfb09f8,88
009dde77-11a2-4282-aee4-b0610bc8be1d,0
009de43c-917f-40c5-8b56-98312cda54a8,0
009ded1d-200c-4e3f-a300-9ebb41310d99,0
009dfa25-c70d-4585-8b0e-1cb8fd8505bc,0
009e0e7f-83a9-49cb-908a-8e35c52b6a1e,3
009e678d-9b04-45d1-b6ea-e41507707daf,0
009edb1e-430f-41fe-a8ad-59c97cc250bb,2
009ef3ae-b939-423a-9ff7-612102938b1f,0
009f4815-43ad-472f-a0b0-e5e0969e130f,5
009f7bd9-1623-4bf7-9f39-2f5817fb9a12,0
009f9b3b-17be-4897-a56b-c938ae5e98b2,11
009fc486-e21c-49ee-aced-50b2309c28aa,0
009fd5d2-e019-418a-aeaf-223423924155,7
009fd70c-09f5-4014-b6af-479262305907,2
009fffa8-322a-4469-a0a5-8a3c000e0a0f,0
00a0e47f-f3c7-4de0-b7cd-09718d1453b2,0
00a0fdb1-4f07-4eba-83b1-66b1ce922f6b,0
00a13ba2-d172-40b4-8427-e3fc0192d14e,0
00a13c4b-389b-4297-8d1e-787716531e98,0
00a15a65-1470-4330-8594-13874255f061,18
00a19e9d-0176-4240-91c9-86c308fed8af,2
00a1b79e-0957-4acc-9565-a8420a1b8adc,3
00a26e5d-9479-45e5-af76-199147b9dbd5,0
00a2c195-41c2-48ab-8054-a2f335209490,9
00a301ca-0cf7-4468-ba75-ebca03cf32c2,0
00a31ccf-08d9-4e66-9f75-79f5abbbf630,2
00a33070-d54c-4226-89f8-e1ceab62659e,2
00a330dd-551d-4849-ba24-880a7fb21809,5
00a3b21e-3db3-4446-91d3-bfb2166e10a1,18
00a3c7ed-dc50-494b-b521-464372aeac9a,2
00a3cbd4-ec0a-4ad4-a6ec-0cdc813009d3,3
00a3da3c-230c-4593-9249-982ab821f944,6
00a458cf-2cb8-4de2-aa41-36bdcc00d105,0
00a4e1fc-7523-497c-8c90-d4ee6d07b07b,4
00a51d44-19ca-471d-aa1e-376cafe40392,1
00a53ed4-9112-4cf5-8c25-af3825f69489,0
00a53ffb-df4c-4693-a49e-3d542a361ab7,0
00a584b4-1720-4075-8370-fb113073d467,16
00a5cf18-1c34-4b60-a1ae-29f328765c1d,0
00a5d5ca-2968-4015-98d5-cec4b97c1864,3
00a60cad-105b-4cd4-83d7-fe42bb71a070,0
00a63258-f7ba-4673-8779-987b763402d2,5
00a63a5b-2993-4651-9254-db7e990f35d3,0
00a64ca4-55ef-4842-a0ca-56d7cc95a8a1,0
00a6568f-dc80-4e9f-98d9-d23a9c836427,3
00a65a47-c570-48a4-ac00-67963ce74f38,3
00a71ebd-470b-4f38-9dea-aeed06319cec,0
00a72a9f-7ab1-4052-b39d-0a012994219e,0
00a78867-6fba-4936-ab4c-6df5c764adf9,1
00a813af-228c-47de-b11b-1e06670a05ee,0
00a8314b-e294-4bea-b8a4-9572e01967ec,0
00a88a14-4d15-40d2-a012-3615a9d7b890,0
00a8ab5b-825f-41d6-a68d-3e5434b8d5d0,0
00a8ca50-d92b-40aa-bb90-9af930cba744,0
00a90eb8-ec21-4602-bcd4-ded439c275c4,2
00a95311-7e78-4ecb-bf0c-d9d4144c9270,1
00a95999-31bf-4c8c-9ab3-d31022c16d91,72
00a96929-6409-45a4-8a47-ada8a4e4d18a,0
00a97fcc-3cb8-419d-877a-4c2538d52f24,0
00a99a4d-ffed-4495-9cce-d52a8ef214c3,3
00a9b202-d76e-41c9-899a-0210d0464333,3
00a9b355-a00e-479e-a046-b1dc5e01d930,0
00a9cfcb-1219-42b4-8737-2fd688f598cd,0
00aa4da1-e4cb-40dc-ace4-68e1ddddd511,1
00aa6662-8ef6-4a8d-948a-9faca4550fd4,0
00aa79c1-4658-4d7d-b26e-df6c716545a7,0
00aab462-4e65-4157-a795-558fd4f49aaa,0
00aab7b0-10e0-49a6-b8e4-873728acb2b2,0
00ab31c7-da3c-4253-80fb-fe0e9af3f3e3,0
00ab4ddd-dfb3-4528-9933-03a737828f2c,2
00ab66a6-b346-4afc-a2eb-aebb51e7cad3,1
00abbb6e-6f0e-4c17-88df-0bced13250b4,1
00abdd94-4fe8-4364-91fa-b3bb5f382fd0,0
00abe785-ede5-4e1d-ad37-446dfed890b5,0
00ac6920-f044-4cb1-b65f-cddccc2f1178,0
00ad007d-ae98-406c-a87d-c25be644cc9c,3
00ad1b1a-753e-4a65-8371-21a3d8606292,1
00ad4da8-c22d-4769-ba30-09b25edab524,0
00ae69a0-526b-4e20-8df7-4042d2754216,3
00aeb288-db83-4579-851c-90e0116f8b92,0
00aed3e4-800f-4737-9d50-d19595dc332a,13
00aefa65-1950-4983-84bb-f09325021547,0
00af0ba3-ff40-42c2-a23a-dd729c05008f,0
00af14c6-9d84-4138-ae75-ca9d988910c5,104
00af286d-9397-4b04-aeba-5f1775e8d1e2,0
00af6a59-9543-43f8-b2e5-0e49f26fad1c,1
00afd506-ba7e-4b56-a3a9-7b839d6bd273,0
00b02a68-f7b1-41e7-a360-75ddf309bb59,0
00b06da5-818b-40e7-b3f4-305003406293,0
00b0ada4-4461-40d2-9b9e-f00c65b589f9,0
00b12dcc-344e-4280-a4de-4e364829396f,0
00b1b285-2614-4f97-8a02-23e2caee5e44,3
00b26b5c-eb5f-4e05-985b-bd99cb597856,0
00b29822-e723-4385-a7b4-df894238c63f,0
00b2bf7b-b911-4e19-904c-046ac07e74d7,1
00b3b8d8-5a62-4739-8e73-13d3193048fc,0
00b3d8bd-c664-4a3e-bb35-e6e55d8bf77e,0
00b3e7d1-a99f-426d-a043-592ce31e6bb3,7
00b3f5a2-6f2f-4b92-87c4-e29055dcf211,7
00b404b1-53e7-4cb6-a80e-f3846a066b37,2
00b4746f-30db-4e0d-bf68-87249492e2e5,0
00b49a53-3346-48ad-baed-424fc019e0e8,0
00b4c598-38b5-4545-bc92-de834de66910,0
00b4cd9c-80da-42be-942d-209e4ca28ed3,0
00b4e304-1157-43aa-982b-f316e3e33d7b,8
00b4eebf-f0bc-4c70-a81a-e7cd598bef93,0
00b51fc5-0cfe-4773-a900-98dd5ac5e968,0
00b5203c-fdd6-43c2-aa78-d74def0f960c,0
00b57636-0a68-4299-9351-034445515e84,0
00b59f28-c5ad-4c94-b65f-c933cc59f351,0
00b5c4da-5866-4acd-9036-acf2b1632761,0
00b5d87a-a79b-441d-8812-4b96954c5691,0
00b61614-b2bc-4f00-8103-e9bf2e480d17,0
00b6324f-c2e4-421a-aa31-a0c63dba51d8,4
00b63f04-9464-4b82-9768-6bcc082bca04,64
00b68a4c-6ac1-47a9-8f82-e851b051e167,7
00b6a89a-4e52-48fc-81ac-dc013ca27744,3
00b73178-c6c0-43a0-82aa-d117ae3cbaf1,0
00b73434-86f6-4454-8104-fb0ee4b5c8c3,0
00b75a3a-4aba-4ec9-aee5-913a7800b231,2
00b7b764-696e-4793-b282-e4af10f19ae0,35
00b7e096-f25d-4a03-9fdb-4a87be5bd0e5,0
00b83c52-64ee-4708-b492-6e1fefc9e178,10
00b8556e-9be4-4e17-9574-d6a2d9634d1f,0
00b8609f-8adc-4ea6-b052-a2cd7b1aa7db,1
00b884e9-f8ef-4e6d-af69-451730d3d60b,0
00b88817-a757-4c3c-8fec-631d1d7e1ab5,0
00b89408-337b-4a4d-95b9-8c00a171c8e7,0
00b8ad23-3e9a-41f6-b8de-4e46b65093a7,0
00b9323c-1ded-478d-8807-964ea22813f7,31
00b94ac6-9bd3-474b-a749-ed1b03061eb8,0
00b96854-f6b3-4e12-b122-884ae8e65814,0
00b9ae3d-92a3-4a68-a481-e5ee6b2a68cc,0
00b9b8fa-ed62-4ef9-accd-e7a889946f89,1
00b9f833-4ae4-4714-a7ab-0d60c8c4ccd4,8
00ba2540-d2e1-458f-920b-84cb5cc7a068,0
00ba28c6-2e11-4668-b4ca-f64f98f98f2d,2
00ba372a-f0ff-4755-800a-dd9ecbbb0efb,0
00ba3936-b6f1-4422-8a01-4e9e41cd4e87,16
00ba51c5-5f1a-41e3-b8cd-d36ff39410aa,0
00bacbe3-1342-42b5-868d-b09adc2dceb6,0
00bb325f-d736-4c49-8f43-9961d4c45d00,9
00bb5c65-3071-49c1-897b-929cccc4feff,5
00bb7078-7abf-4334-824b-fcbea6651561,0
00bbcd6a-c08b-4180-885c-9647e5c34ad7,0
00bbebb8-654a-4bd9-a273-826c48f4e635,1
00bccf2f-4d56-4f1b-8cc2-c4f7d263af2f,3
00bcd0ef-c27a-4e8f-8ec7-7d1935644474,1
00bce220-a4ae-4f8f-aba9-f2d5559d891c,2
00bd65c0-f287-41eb-9782-eda8913aadfa,0
00bd7e40-2e9b-4c02-8f18-d377861ddd87,0
00bdcf1a-dda8-4cd3-8717-143f8e476dd3,26
00be0f5a-1e89-4e54-92ab-0b32ee4c9e52,0
00be144f-dac4-4f3a-a787-bd14099e1d24,0
00be510f-7a99-474b-a0e4-3eb2f5035117,21
00be7915-c0b3-4361-afb3-e7db5e55a961,55
00bec55e-2962-4fe4-afb2-b83f8ed63c0c,0
00bed738-2586-42e7-9f28-5766034ca937,0
00bf1e84-a29d-4656-ae4c-e2174a41c3ea,0
00bf7490-509d-44b2-801a-31871116cdcf,0
00bfe352-6e03-4ede-90ab-6ca5a587c47e,8
00c02d32-18c0-4ded-af2d-a7096eb6c150,0
00c0398e-c6c4-46d6-b58a-81cb4af83044,0
00c11b9e-352f-49c0-81d6-179222e889c0,2
00c15398-2c37-48c3-a648-9f067a859e82,11
00c2047d-c6ed-4009-8e8f-27a830ed06cb,53
00c2216b-77f1-44cb-a16e-1895bd85fcb9,1
00c2b6e4-447e-42e3-8d3f-45207ea73e75,0
00c30a7f-1688-46b6-be37-f3122cac7fcc,16
00c36c74-93ef-47b0-8272-1d6f9b817026,2
00c382d1-2597-4cad-a606-5ab42d71d4ab,3
00c3dda5-f9a8-49b9-8ae4-748fa4ad2c77,6
00c4444c-a0be-493e-bc6b-a0b856553bca,13
00c4627a-57e4-4576-a0b8-a555cfa24284,10
00c48a98-9af0-4315-92bb-305a3c22ec28,0
00c49b2f-ba45-46c5-828a-272954793e8c,2
00c50b82-b102-4770-b850-51079e55dc37,0
00c511c2-84b2-434f-b5f0-c02f1177df44,23
00c5258a-e5b8-40c7-a5f6-53a193dc433f,21
00c575a4-544d-4cf5-8627-4fdd475e0467,2
00c59daf-82e8-4f86-871b-d0e994cc1130,1
00c5fe40-7928-4d98-889c-b457ee797061,16
00c637c9-ae1e-484e-89ed-fb019aa1ff73,0
00c659ee-ad40-4936-a738-ff411a741f4b,44
00c6748f-51e4-4d7a-a0b6-c4598d84d92e,2
00c6904d-1842-42f5-9741-095f71a77344,2
00c6bd92-8dfc-48eb-89fd-9873cdfbcc05,0
00c6c88c-1ff0-43a7-9e47-7a059b50e24d,0
00c6cbee-749c-4b60-aa3e-9debc8e58235,1
00c7338e-4b12-422c-97eb-cf821f9ff8e9,0
00c76c8c-4fa9-4840-b685-0cd40cbc1cdd,1
00c7cec0-2e99-41ba-b732-2dee04c98dc0,1
00c85104-e8b2-4f93-9f26-87e91879c74d,0
00c8c7fb-952f-4bbd-91c5-d5c0d6840778,62
00c8f4b9-f9b2-4be4-81fa-9cba7f0f4e58,0
00c9906a-306b-4ca7-94b0-14eac6a30485,0
00c9b7ae-c12c-415d-8c32-ab2d37ba0107,0
00c9e850-fe3c-4ab0-bd29-fff21d2128fa,1
00ca0853-d02e-4420-b14f-034531fb2cb5,1
00ca26ba-46b6-48e5-b190-c898c5356818,5
00ca4fb1-0067-4f98-a071-f7a5080cb248,2
00ca735c-6eb2-4006-b9f7-a2e974fbf68b,0
00ca8241-79f4-4e45-92a9-9a8ca618566b,0
00cab175-4499-446f-b309-99b26eede6a5,7
00cab8a4-3f66-45b7-b3d5-feecc39d526c,5
00cab91f-328e-48e0-9599-4616340a7f88,11
00caea52-27fb-46c4-a478-9965fb793270,14
00cb0ab9-f89a-4971-b434-5128d93a40f5,0
00cb7824-1f44-449a-a70c-9fd77f0a8a21,0
00cb7a2f-8df4-4ea1-a90e-6612a6d9466c,8
00cbd27e-8717-48dc-aeb0-6ee6255e903f,6
00cc057b-3d1c-4693-850b-d5c753759d3d,2
00cc1ad1-f00f-46be-8d3a-e696cc347c5d,0
00ccd417-8e0c-4c38-bc43-da22bfc5eced,0
00cdd04a-afd7-4ab5-8dff-400c398b9c48,0
00cdfd78-cac5-4778-9295-1615057c24ba,0
00ce031a-04a8-46d9-9d99-57abf7f9ddc9,0
00ce24fb-c5d1-4212-b752-abdd63db1dd6,0
00ce9485-5831-4505-a2d7-fb72c3d01ad2,5
00cefaa5-c029-46db-a17f-3fa0a32d2f34,0
00cf1195-0a89-4904-84f9-79d0f97cad07,9
00cf3a7e-ef18-4959-a002-8613d1f34990,1
00cf7c06-f257-4af9-b49d-ba7068449ea8,1
00cfb19d-4ebc-4ead-ba7a-5165d8bf59ed,0
00cff9e5-0bfa-407a-b925-704794df7fae,280
00d061cb-fa43-488a-84a3-5fee5ed34edb,1
00d0d9c7-ac66-42a5-9707-7a2d661d1737,4
00d15b94-94c5-45c4-b769-c0ff512aebc8,0
00d1e9d8-9fab-4434-a7ee-c9794cacb4c5,7
00d1f58d-4c21-4aae-89f5-5c03412d2308,2
00d24c7e-2f6b-4198-b12f-bdde5ae33eb7,0
00d280a0-8b3c-4a58-b56d-e33adcfd2b65,0
00d29ae4-b735-4ed9-8485-c1942bbf87c0,0
00d2e50b-85ec-4453-8c64-6427fa3c1b46,1
00d327e3-f0d6-47e5-a8ec-9dd2baae731a,0
00d34c24-d992-4382-9d59-322f302f94ae,0
00d3ce5e-2fbc-480b-b7cd-6adc20c39104,0
00d469c4-1e30-4582-9972-50f3abb9ad87,0
00d46c7e-0504-454f-ac65-e1520f09c8d5,2
00d4cf5f-94d2-4ca3-9b1c-b2e416373a54,0
00d4ebad-55aa-4fa0-9453-5d5336f69917,0
00d50aec-ece0-44f4-bd55-70d81a664793,20
00d5135d-6834-44d5-8a76-dbde8a91df43,2
00d5397a-6302-4955-970b-9e657ccae6cc,1
00d5479f-1f13-4fd5-9c33-02cf8afc8efb,5
00d55dd1-7a6a-4caa-ad92-ea12abba0ad8,1
00d58106-5661-4bc7-bb13-9246a1e01c5b,17
00d59794-c2cd-42ac-b5c1-a7c376f079c0,3
00d5b78a-75ff-46c1-8f35-bde978928a54,0
00d5d22e-9888-4fbf-b178-6a3f4e81ac96,48
00d63ed4-3ca8-4197-bd32-40959cb404cf,0
00d673b5-6203-4f4e-84d8-d6fdc3212523,3
00d69b40-9df3-4715-8333-509244d7a616,8
00d72c8d-de04-4287-8846-b6a8afc94ef7,2
00d750c5-b884-4c29-b150-75abae75fdb7,0
00d79ec4-b9ac-4226-a28a-d61c47476a78,1
00d7b69a-ae09-4254-bc56-c7cfd5c9ba45,0
00d7bb8f-3d3b-4813-ac8a-5ccac6185f62,7
00d7d924-3df4-4711-8df8-f2e65a6268e3,9
00d81e5b-db93-4cf8-ac1a-28e4a6cadb80,0
00d87005-c560-4883-b9c0-b5e4f270419c,0
00d8bcfc-1299-472d-8cd6-020ba9abf751,0
00da525a-ac8c-4faf-a616-842d89bdf3ed,3
00dab985-2ae2-4bbc-bc20-13a17f33c34a,0
00dae094-c4a3-43d3-8088-b2312b75de29,0
00dae4a1-6aa5-45dd-bfd8-c455c9a60ff7,0
00db7a63-53be-44db-a563-9f37e1bf2efc,4
00db9728-3104-4fa7-9482-2e9b8a0f506a,37
00dbc690-b54f-44b7-bd36-58d3a7d5d3fd,0
00dbf3e9-007a-4a16-bc1d-4fecea427369,0
00dc3527-fbb0-4bb2-8e27-cb73188f34e6,0
00dc4da9-baa8-4946-b429-081692bd4774,0
00dc7b5a-013b-4881-a046-521c68a429d0,0
00dce786-94db-4fb3-844d-ca2d3596f9a0,0
00ddd2c7-d9a4-46dd-a245-772313dc875d,4
00dddeb3-cd24-40da-b2e7-0efbdbbaf443,1
00dde337-fcbc-4b4f-8cf7-a69e98aa47cf,0
00ddf076-e7f1-45c5-99d2-e456bcd26e07,0
00ddf4c9-351b-439b-8611-550660bdff5f,0
00de3440-ef4e-46d1-97b3-a38532da4b2e,0
00de48a0-4eb5-4a28-8c82-2671927eec17,3
00de4e11-0cd6-4f11-a015-3d2b2074b784,1
00de6c6f-ef14-45d7-9fbb-4e6c88baaa58,4
00dea568-72e9-4d4b-9cd4-1a1f64d10c6b,0
00def4ff-33ce-4759-845b-529c4104cdbd,0
00df6713-f5ac-466b-ab6d-a1199a4154fb,0
00df7c30-864f-4eaa-9b26-82a893150e43,1
00df88ad-4c0e-47a4-bdd2-d56573a58bd1,0
00e08a80-ffae-4924-8c22-46bcf17e31cb,1
00e0cdd9-ac21-4937-9632-ec8b74d4c02a,0
00e1124c-0643-444f-a7f8-c5108e6e979c,0
00e17279-0a36-4e36-a511-0f2d6b36f485,1
00e18157-7339-4979-a604-377ece0795dd,7
00e1f409-ec42-4d1d-b88d-c3fa8418ea55,0
00e21bed-aaa6-4b3b-802d-e5bc6858660b,2
00e2f6b7-46a5-453a-9a52-c4e0f50dcec4,0
00e31589-bb1c-4daa-ac3a-64eefc3ca239,0
00e333c8-fb34-4b36-b34c-891aca025277,0
00e33948-f405-4005-b6e8-cf33897263b8,2
00e33da3-f16f-4a90-bd15-478c3d3c1110,35
00e402f2-fdba-4ec2-b6f0-fcab6873e4a2,2
00e40e25-6dae-41fa-b1b5-a4818011277d,2
00e41c3f-42eb-48d5-92a5-1856f425ccb1,0
00e448df-6d10-4fa9-9de0-d032cb967650,0
00e4d298-82d1-41f4-8909-80d8e4157266,0
00e53453-8eb3-4eff-9301-f7cad2c6cc63,11
00e53567-6bf7-41e8-89f7-e9555d28bbb7,5
00e54b96-b228-41c2-88a6-d0599561dade,12
00e55f17-5a21-45e5-810b-3e8c019b4122,16
00e588d9-cae0-4d94-b5cd-068bdaf17334,1
00e58940-9b7f-40e2-8b71-986c60ca15da,0
00e5b3dc-6645-4d6f-907a-6320d8efe2d9,0
00e606b1-05c4-4ca1-800e-6c153bdbef6c,2
00e63764-2b65-477a-a669-9c146bc5cb06,1
00e6c8ae-4838-4e7e-b0cf-7479071701de,2
00e74864-8f44-469b-94b9-e0cdf4546bc4,0
00e7aff4-9bb2-4a9a-9338-5d63f559fe9e,0
00e7c25b-50e3-4427-93bf-6e80d34c65d6,1
00e7c78a-2bb5-439a-8490-1e0f98f7b969,0
00e7fdf3-ddcd-4490-92b8-7d2a5094ea6b,0
00e7ff11-dba2-4132-94c5-0a3ab26287c3,0
00e80dcf-158e-42c0-9f0e-7926ca6b9c61,9
00e86216-251b-469e-9c75-280ea630a0cf,2
00e89640-c03b-4246-b761-a438c80f720b,0
00e8b5fd-0ff8-4ac5-8ede-2371c7ba2079,1
00e9616c-b251-4ccf-8015-a7d9d4b9a949,0
00e9a88f-07eb-4308-9501-c7d5ca4cae86,0
00ea08e8-e9c4-4296-a33a-1af709c9418e,3
00ea3a0e-250d-44b3-8234-f9fdbd1b23a1,0
00ea830c-3318-40d9-81a3-042ed1383c7f,10
00eaf04f-591c-45eb-8855-e4777fcc6f3d,0
00eaf371-382b-4dbb-bfc3-a02809ce5ef3,0
00eafad6-72ec-4f5a-8422-fe462bc6cb71,0
00eb35ad-08cd-4ec7-9f89-be07f91ee818,2
00eb75a7-8392-4c42-8c83-b895a4e68acf,2
00ebbd36-03a2-441c-bb63-1a5cb2313387,0
00ebf20f-953f-4a25-821e-372e578e6075,0
00ec46e1-73c2-4787-8520-0bc6801bb42d,9
00ec6d31-8b91-4402-bbce-93c49d18de94,12
00ec7b7d-23b2-47a0-845c-09c7bf66aea0,8
00ec9e7b-559c-4531-9886-cd25da7d5bd8,9
00ecde77-576e-47b0-a4f7-12fbd0e856cd,31
00ed1816-c17e-468c-9e18-2ea5c8e743e2,0
00eee906-c0e3-46cb-a0a7-047f45401117,0
00eef23f-fad7-4352-bf76-256a3f5af396,1
00ef299f-2b62-45f9-802b-205992abc990,0
00ef4f78-c90f-4f7e-ac2e-a3c6249d027d,0
00efb333-1b96-46a2-88ea-35b7f1bf7b33,10
00f02f96-921c-4bec-973e-14de642ff2fa,0
00f0881a-63ee-4b48-9172-fc5be34b0e7b,4
00f088fb-b0b0-4b0e-a8f5-3e402745b3f8,0
00f0b00d-1ec4-4a1a-933f-d71393b843bd,3
00f0c5b9-2905-4068-8783-f8f88903ccde,6
00f0cd5d-a9f6-4d91-b3e5-88239c0ea663,1
00f0ea17-1eb7-4853-a3f2-a8cd4b7f8346,1
00f11277-bd40-46e2-b617-73013116d528,0
00f133ac-b980-416f-9c4b-3700101237c0,0
